"","MovieName","TrailerLink","youtubeView","youtubeLike","youtubeDisLike","Revenue","FacebookMovieLike","actExp","Budget","Opening_Weekend_Gross","ReleasePeriod","runtime","Screen","Sequel","MPAA_Rating","Genre","ROI","Success"
"1","Saw VII","V1IwmygKN6c",2125320,2518,142,45710178,16053188,82,21720000,25090000,21720000,90,2808,1,1,11000,1.10452016574586,TRUE
"2","Titanic (1997 film)","zCy5WQ9S4c0",12100915,29014,1090,658672302,55961393,16,206200000,29394000,206200000,194,2674,0,10,100100,2.19433706110572,TRUE
"3","Red Dawn (2012 film)","nGoe7BdGdlg",5220148,12320,2290,448067830,363797,13,67015000,14653000,67015000,93,2725,0,10,100000001,5.68608266805939,TRUE
"4","Toy Story 3","JcpWXaA2qeg",7782836,6327,1581,415004880,100834,57,217200000,114220000,217200000,103,4028,1,1000,1010000000,0.910703867403315,TRUE
"5","Iron Man 3","oYSD2VQagc4",1103708,6280,194,409013994,1020536,76,203200000,175000000,203200000,130,4253,1,10,1100000010,1.01286414370079,TRUE
"6","The Hunger Games (film)","FovFG3N_RSU",10117389,24197,1479,408010692,246821,87,80418000,156560000,80418000,142,4137,0,10,1000000010,4.073623964784,TRUE
"7","Frozen (2013 film)","FLzfXQSPBOg",20333476,34911,4425,400738009,24533684,53,152400000,244590,152400000,102,3742,0,100,1010000000,1.62951449475066,TRUE
"8","Finding Nemo","wZdpNglLbt8",1353877,1247,230,380843261,18993433,26,96914000,17128000,96914000,100,2904,0,1000,1010000000,2.92970325236808,TRUE
"9","Despicable Me 2","HwXbtZXjbVE",17998707,46191,4221,368061265,372539,47,77216000,83928000,77216000,98,3997,1,100,10000000,3.7666450606092,TRUE
"10","Alice.in.Wonderland.2010.film.","X9POCgSRVvf0",5124192,9768,518,334191110,15539438,52,217200000,120220000,217200000,108,3728,0,100,1000000000,0.538633103130755,FALSE
"11","Guardians of the Galaxy (film)","d96cjJhvlMA",4042814,17235,571,333176600,3696809,32,170000000,94321000,170000000,121,4080,0,10,1100000010,0.959862352941176,TRUE
"12","Iron Man 2","FNQowwwwYa0",825800,1992,143,312433331,19494258,71,217200000,132670000,217200000,124,4380,1,10,1100000010,0.438459166666667,FALSE
"13","Inception","66TuSJo4dZM",20037230,45208,1306,292576195,11112750,28,173760000,65013000,173760000,148,3792,0,10,100001011,0.68379486072744,FALSE
"14","Man of Steel (film)","KVu3gS7iJu4",39526871,124868,6296,291045518,3949910,15,228600000,117190000,228600000,143,4207,0,10,1100000010,0.273164995625547,FALSE
"15","Gravity (film)","OiTiKOy59o4",14643987,29370,3419,274092705,1241766,46,101600000,56060000,101600000,91,3575,0,10,11,1.69776284448819,TRUE
"16","Monsters University","xBzPioph8CI",8869800,17310,2218,268492764,5307474,58,203200000,82835000,203200000,104,4004,1,1000,1010000000,0.321322657480315,FALSE
"17","Despicable Me","sUkZFetWYY0",11502202,7513,2502,251513985,17263184,37,74934000,58399000,74934000,95,3476,0,100,10000000,2.35647349667708,TRUE
"18","Maleficent (film)","eGFUDQvUjjw",107520,799,37,241410378,8034462,42,180000000,69431000,180000000,97,3948,0,100,1100000100,0.341168766666667,FALSE
"19","Shrek Forever After","u7__TG7swg0",6658735,3794,526,238736787,3779984,36,179190000,73352000,179190000,93,4359,1,100,1010000000,0.3323108823037,FALSE
"20","Brave (2012 film)","TEHWDA_6e3M",16772325,38969,3012,237283207,8654588,36,190740000,68073000,190740000,93,4164,0,100,1010000000,0.244013877529621,FALSE
"21","Oz the Great and Powerful","DylgNj4YQVc",6520437,11060,679,234911825,1317413,70,218440000,79500000,218440000,130,3912,1,100,1000000000,0.0754066334004761,FALSE
"22","Star Trek Into Darkness","QAEkuVgt6Aw",6304395,14245,677,228778661,268,25,193040000,70511000,193040000,132,3868,1,10,1100000010,0.185136039162868,FALSE
"23","Big Hero 6 (film)","bT8qmoCgxZg",5160192,14641,603,222527828,2490673,66,165000000,56216000,165000000,102,3761,0,100,1110000010,0.348653503030303,FALSE
"24","How to Train Your Dragon (film)","oKiYuIsPxYk",4372175,7239,395,217581231,9846800,26,179190000,45284000,179190000,98,4055,0,100,1000000000,0.21424873597857,FALSE
"25","The Lorax (film)","yRvEa7aOZEE",6341298,10932,1151,214030500,2380858,114,72170000,72070000,72170000,86,3728,0,100,10000000,1.96564361923237,TRUE
"26","Dawn of the Planet of the Apes","3sHMCRaS3ao",11481324,32323,1685,208545589,3739411,78,170000000,72611000,170000000,130,3967,1,10,100100011,0.226738758823529,FALSE
"27","World War Z (film)","Md6Dvxdr0AQ",11678419,33000,2120,202359711,2707955,65,193040000,66739000,193040000,116,3607,0,10,1100010011,0.0482786520928305,FALSE
"28","Tangled (2010 film)","gKPzjsl9gYA",57925,33,4,200821936,18002912,23,282360000,50498000,282360000,100,3603,0,100,10000100,-0.288773423997733,FALSE
"29","Godzilla (2014 film)","MSrUHoc9LIE",3835049,17736,432,200676069,2682786,32,160000000,93205000,160000000,123,3952,0,10,1100000011,0.25422543125,FALSE
"30","22 Jump Street","v9S_dYuq0vE",8292679,25823,921,191719337,3834622,42,50000000,57071000,50000000,112,3306,1,1,111000000,2.83438674,TRUE
"31","Cars 2","oFTfAdauCOo",28899044,17143,4497,191452396,16601476,15,210200000,68137000,210200000,106,4115,1,1000,1010000000,-0.0891893625118934,FALSE
"32","Teenage Mutant Ninja Turtles (2014 film)","VZZ0PnDZdZk",8261924,27776,3486,191204754,2770299,25,125000000,65575000,125000000,101,3845,0,10,1110000010,0.529638032,FALSE
"33","Interstellar (film)","2LqzF5WauAw",2154447,6358,156,188020017,1847714,132,165000000,47510000,165000000,169,3561,0,10,1000000010,0.139515254545455,FALSE
"34","Pitch Perfect 2","6bh4mvJ5jUg",13102667,48648,2537,184296230,5783311,14,17527000,5285300,17527000,112,335,0,10,10000100,9.5149900154048,TRUE
"35","Lincoln (2012 film)","EC0_7Eiiu3Y",49747,123,7,182207973,428555,27,67015000,21605000,67015000,150,1775,0,10,100000,1.7189132731478,TRUE
"36","Thor (film)","npvJ9FTgZbM",16590887,60330,2265,181030624,12945665,10,157650000,67712000,157650000,115,3955,0,10,1100000000,0.148307161433555,FALSE
"37","Men in Black 3","IyaFEBI_L24",17267137,67903,1247,179020854,8342409,26,231980000,56033000,231980000,106,4248,1,10,110000010,-0.228291861367359,FALSE
"38","How to Train Your Dragon 2","Z9a4PvzlqoQ",17344996,70110,2686,177002924,9846615,43,145000000,49451000,145000000,102,4253,1,100,1110000000,0.220709820689655,FALSE
"39","Rise of the Planet of the Apes","EbCoDf44oCE",10273051,7566,733,176760185,3739535,71,97743000,56465000,97743000,105,3648,0,10,100100011,0.808417840663782,TRUE
"40","True Grit (2010 film)","5GkAH7IUWOE",1162604,2004,73,171243005,174014,75,41268000,25732000,41268000,110,3047,0,10,1000100000,3.14953486963265,TRUE
"41","The Help (film)","J_ajv_6pUnI",2780460,5797,318,169708112,1333198,14,26275000,26833000,26275000,146,2534,0,10,100000,5.45891958135109,TRUE
"42","Bridesmaids (2011 film)","1UW9Zks5L2A",1275420,1425,126,169106725,1396619,43,34158000,27042000,34158000,125,2918,0,1,10000100,3.95072091457345,TRUE
"43","Gone Girl (film)","QZsF7IRTgMQ",1157723,2545,112,167767189,721094,55,61000000,37513000,61000000,149,3014,0,1,101001,1.75028178688525,TRUE
"44","Kung Fu Panda 2","YdaMGcOyfjM",21124252,25951,1656,165249063,276163,94,157650000,49283000,157650000,91,3925,1,100,1110100000,0.0482021122740247,FALSE
"45","Clash of the Titans (2010 film)","XJNenKqmOMU",102750,106,6,163214888,2728361,22,135750000,63408000,135750000,106,3777,0,10,1100000000,0.20231961694291,FALSE
"46","Django Unchained","eUdM9vrCbow",14527500,37840,1697,162805434,2210727,35,103100000,31498000,103100000,165,3010,0,1,0,0.579102172647915,FALSE
"47","Grown Ups (2010 film)","e01NVCveGkg",5067253,4897,406,162001186,8329452,40,86880000,41944000,86880000,102,3534,0,10,10000000,0.864654534990792,TRUE
"48","Divergent (film)","sutgWjz10sM",31739302,93999,3800,150947895,6016684,20,85000000,54608000,85000000,139,3936,0,10,1000000011,0.775857588235294,TRUE
"49","Neighbors (2014 film)","kL5c2szf3E4",15408525,42026,1415,150157400,1617741,52,18000000,49034000,18000000,97,3279,0,1,10000000,7.34207777777778,TRUE
"50","American Hustle (2013 film)","ST7a1aK_lG0",7951031,9156,797,150117807,684305,41,40640000,744100,40640000,138,6,0,1,1100000,2.6938436761811,TRUE
"51","Puss in Boots (2011 film)","55gmAtakjJ4",5234817,7646,356,149260504,583972,74,136630000,35109000,136630000,90,3952,0,100,1010000000,0.0924431237649125,FALSE
"52","Little Fockers","CIUpb2aQ5rM",68135,92,12,148438600,1600522,77,108600000,31928000,108600000,98,3536,1,10,10000100,0.366837937384899,FALSE
"53","Megamind","NPI0eatlo_M",504072,762,57,148415853,10118944,60,141180000,47650000,141180000,95,3944,0,100,110000010,0.0512526774330642,FALSE
"54","Hotel Transylvania","q4RK3jY7AVk",3836798,9758,524,148313048,9737275,45,87635000,43644000,87635000,91,3349,0,100,10000000,0.69239513892851,FALSE
"55","Rio (2011 film)","P1GRO31ve5Q",3056675,2618,504,143619809,12649818,5,94590000,40413000,94590000,96,3827,0,100,1010000000,0.518340300243155,FALSE
"56","The Smurfs (film)","yhBpgqXwrt8",2853737,3167,1123,142614158,13797751,70,115610000,36689000,115610000,103,3395,0,100,1010000000,0.233579776835914,FALSE
"57","21 Jump Street (film)","nfkiFVhiIYw",218904,0,0,138447667,13332,37,43302000,37260000,43302000,109,3121,0,1,111000000,2.19725802503349,TRUE
"58","Argo (2012 film)","JW3WfSFgrVY",1183783,1879,304,136025503,414437,52,45880000,19971000,45880000,120,3232,0,1,100001,1.96481044027899,TRUE
"59","Ride Along (film)","kdXo4vBgG7I",8847754,18576,917,134938200,2025293,33,25000000,41237000,25000000,99,2663,0,10,110000000,4.397528,TRUE
"60","Identity Thief","uO12W35DpsQ",4007265,8594,439,134506920,432607,70,35560000,34721000,35560000,111,3141,0,1,11000000,2.78253430821147,TRUE
"61","Grown Ups 2","YhOWtVElqfw",7437034,20191,1641,133668525,8328980,47,81280000,41713000,81280000,101,3491,1,10,10000000,0.644543860728346,FALSE
"62","Silver Linings Playbook","Lj5_FhLaaQQ",14134090,31527,982,132092958,106376,35,21651000,454690,21651000,122,16,0,1,10100100,5.10100956075932,TRUE
"63","Rio 2","leJuOObuCxM",4366256,10580,811,131538435,12649849,22,103000000,39328000,103000000,101,3948,1,1000,1010000000,0.277072184466019,FALSE
"64","Shutter Island (film)","5iaYLCiq5RM",7163595,13659,407,128012934,1926874,28,86880000,42520000,86880000,138,2991,0,1,1001,0.473445372928177,FALSE
"65","Into the Woods (film)","L6Yz5BRMGIQ",4708865,7500,577,128002372,504251,24,50000000,31052000,50000000,125,2440,0,100,1000000000,1.56004744,TRUE
"66","Super 8 (film)","vpzUCA5i6zY",9523161,8957,776,127004179,986062,0,52550000,36524000,52550000,112,3379,0,10,1011,1.41682548049477,TRUE
"67","Prometheus (2012 film)","93rPjItBZHw",787536,1066,81,126477084,61145,24,134030000,52397000,134030000,124,3396,0,1,1000001010,-0.05635242856077,FALSE
"68","Safe House (2012 film)","1IfQY4fNcnw",6872320,9164,389,126373434,7036,48,87635000,41233000,87635000,115,3119,0,1,101001001,0.442042950875792,FALSE
"69","Lone Survivor (film)","yoLFk4JK_RM",15263947,33664,2901,125095601,1018766,32,40640000,91319,40640000,121,2,0,1,100100001,2.07813978838583,TRUE
"70","The Vow (2012 film)","SUe728gcogM",3389657,6148,329,125014030,3955852,21,30930000,42289000,30930000,104,2958,0,10,100100,3.0418373747171,TRUE
"71","Life of Pi (film)","mZEZ35Fhvuc",10809835,327,1292,124987023,2108602,0,123720000,23044000,123720000,127,2927,0,100,1000100000,0.0102410523763337,FALSE
"72","The Fault in Our Stars (film)","9ItBvH5J6ss",35449855,381434,5058,124872350,14195125,20,12000000,48003000,12000000,126,3173,0,10,100100,9.40602916666667,TRUE
"73","Salt (2010 film)","mjOcEvBmYGE",241542,124,26,118311368,5636700,37,119460000,37289000,119460000,100,3612,0,10,101001001,-0.00961520174116859,FALSE
"74","Now You See Me (film)","KzJNYYkkhzc",10968067,32051,1015,117723989,2978740,25,76200000,29495000,76200000,115,2925,0,10,1001001,0.544934238845144,FALSE
"75","Horrible Bosses","VpUeQV8sdOc",1017740,1514,45,117538559,690910,63,36785000,29159000,36785000,98,3040,0,1,11000000,2.19528500747587,TRUE
"76","Green Lantern (film)","f8ZPg8uaoR0",6182136,8729,1064,116601172,4146745,44,210200000,54784000,210200000,114,3,0,10,1100000011,-0.44528462416746,FALSE
"77","Unbroken (film)","kk1M_HwmFMM",3815919,5118,634,115637895,456355,22,65000000,30621000,65000000,137,3131,0,10,100000,0.779044538461538,TRUE
"78","Magic Mike","eMU7s6cwxEM",18935421,27231,2777,113721571,2327857,43,7217000,40159000,7217000,110,2930,0,1,10100000,14.75745753083,TRUE
"79","Hop (film)","4Vy92X1X2pg",202197,201,12,108085305,2514821,43,66213000,38680000,66213000,95,3579,0,100,1010000000,0.632387975171039,FALSE
"80","Epic (2013 film)","T3z2ryJ2960",1079931,1978,209,107518682,10064,26,101600000,33696000,101600000,102,3882,0,100,1000000000,0.0582547440944882,FALSE
"81","Captain Phillips (film)","_3ASoBrFGlc",4610779,8308,451,107100855,362820,67,55880000,26128000,55880000,134,3020,0,10,100001,0.91662231567645,TRUE
"82","Paranormal Activity 3","90r3CnPI0AM",11641559,12436,1654,104028807,862246,13,5255000,54159000,5255000,83,3321,1,1,10000,18.7961573739296,TRUE
"83","Rise of the Guardians","aPLiBxhoug0",5554074,15663,566,103412758,3536598,21,149500000,24401000,149500000,97,3653,0,100,1000000000,-0.308275866220736,FALSE
"84","The Expendables (2010 film)","E_LCuy5ComA",520504,418,30,103068524,11391336,58,86880000,36061000,86880000,103,3270,0,1,1100000001,0.186331998158379,FALSE
"85","Just Go with It","Jz5Ubqhru7g",8610661,9534,509,103028109,2976727,42,84080000,31438000,84080000,117,3548,0,10,10000100,0.225358099429115,FALSE
"86","The Maze Runner (film)","AwwbhhjQ9Xk",8789115,34845,887,102427862,3510546,7,34000000,32513000,34000000,113,3604,0,10,100001011,2.01258417647059,TRUE
"87","The Equalizer (film)","jAI7rF0eQyQ",7953579,17329,650,101530738,519860,51,55000000,34138000,55000000,132,3236,0,1,101000001,0.846013418181818,TRUE
"88","This Is the End","kliQSsD_npo",814442,5155,118,101470202,111272,70,32512000,20821000,32512000,107,3055,0,1,10000000,2.1210076894685,TRUE
"89","Noah (2014 film)","6qmj5mhDwJQ",14400646,42744,4024,101200044,1854220,45,125000000,43720000,125000000,138,3567,0,10,1100100000,-0.190399648,FALSE
"90","Due Date","Hd_aN0LAgMo",3612520,5348,174,100539043,34064,71,70590000,33849000,70590000,95,3355,0,1,10000000,0.424267502479105,FALSE
"91","Edge of Tomorrow (film)","yUmSVcttXnI",6559144,14238,556,100206256,712492,36,178000000,28760000,178000000,113,3490,0,10,1100001010,-0.437043505617978,FALSE
"92","Olympus Has Fallen","vwx1f0kyNwI",7582089,13372,1591,98925640,11057,45,71120000,30523000,71120000,119,3098,0,1,100000001,0.390967941507312,FALSE
"93","The Green Hornet (2011 film)","r1fR4JfojCQ",122527,159,10,98780042,947909,32,126120000,34542000,126120000,119,3584,0,10,111000011,-0.216777339042182,FALSE
"94","The Social Network","lB95KLmpLR4",9954711,21295,1173,96962694,1445941,16,43440000,23242000,43440000,120,2771,0,10,100000,1.23210621546961,TRUE
"95","Sex and the City 2","f0jcltMRJaU",220710,207,56,95347692,13716741,52,108600000,38143000,108600000,146,3445,1,1,10100100,-0.12202861878453,FALSE
"96","42 (film)","wqpZSOh0o5w",304512,611,33,95020213,473025,19,40640000,27622000,40640000,128,3003,0,10,100000,1.33809579232283,TRUE
"97","The Book of Eli","kAMUv22y1og",2831548,3339,287,94835059,1381866,46,86880000,39802000,86880000,118,3111,0,1,1100100001,0.0915637546040516,FALSE
"98","Flight (2012 film)","Aqn2L6kQQt8",645242,1501,55,93772375,328148,26,31961000,25557000,31961000,138,1884,0,1,100001,1.93396248552924,TRUE
"99","The Fighter (2010 film)","FgzTt_eVbaY",1589848,2080,78,93617009,259474,27,27150000,12566000,27150000,116,2503,0,1,100000,2.4481402946593,TRUE
"100","The Town (2010 film)","WcXt9aUMbBk",2235051,4402,182,92186262,698077,50,40182000,24653000,40182000,125,2861,0,1,1100001,1.29421785874272,TRUE
"101","Think Like a Man","F7VmU8aHAtw",4986546,10552,501,91547205,4039185,28,12372000,33871000,12372000,122,2015,0,10,10000100,6.39954776915616,TRUE
"102","Heaven Is for Real (film)","N-ewaCVARtM",5770291,26955,2249,91443253,4167656,51,12000000,22522000,12000000,99,2417,0,100,100000,6.62027108333333,TRUE
"103","Red (2010 film)","3bsU5ePDSrA",6370,4,0,90380162,2849257,79,62988000,22534000,62988000,111,3255,0,10,111000001,0.43487905632819,FALSE
"104","Planes (film)","3KumjBXHdzY",4799844,4728,1811,90288712,1519577,35,50800000,22342000,50800000,91,3702,0,100,1010000000,0.777336850393701,TRUE
"105","The Muppets (film)","pfJkusicBa4",3642001,8520,426,88631237,6299749,23,47295000,30124000,47295000,103,3440,0,100,10000000,0.874008605560841,TRUE
"106","Dumb and Dumber To","lGXHVlEklgQ",30002938,81460,5416,86208010,3918637,53,35000000,14200000,35000000,109,3154,1,10,10000000,1.463086,TRUE
"107","Annie (2014 film)","fyXHFPOvDSY",1111428,3505,397,85911262,194847,37,65000000,15862000,65000000,118,3116,0,100,10100000,0.321711723076923,FALSE
"108","Fury (2014 film)","DNHuK1rteF4",2287543,5917,258,85817906,958264,68,68000000,82252000,68000000,134,3313,0,1,100100000,0.262028029411765,FALSE
"109","Real Steel","3S8a180uYBM",6034350,10766,666,85468508,3516120,31,115610000,28147000,115610000,127,3440,0,10,100100010,-0.260716996799585,FALSE
"110","Paranormal Activity 2","07XbSk7Rjt4",18413416,10828,1733,84752907,19001456,0,3258000,42122000,3258000,91,3216,1,1,10000,25.0137836095764,TRUE
"111","Tammy (film)","N8d6Bpl2eAo",4148318,9189,821,84525432,405366,33,20000000,21577000,20000000,97,3465,0,1,10000000,3.2262716,TRUE
"112","Annabelle (film)","jdUysoK6tdQ",22047145,44530,5678,84273813,3802886,16,6500000,37134000,6500000,99,3185,1,1,10000,11.965202,TRUE
"113","The Other Woman (2014 film)","7KrX7HGjt4k",499828,568,90,83911193,461451,49,40000000,24764000,40000000,109,3205,0,10,10000100,1.097779825,TRUE
"114","Wrath of the Titans","Xs7fzOrUopc",13267664,21269,1160,83670083,1067075,28,154650000,34340000,154650000,99,294,1,10,1100000000,-0.458971335273198,FALSE
"115","Immortals (2011 film)","GSmJ5UXtUnk",1678633,2462,188,83504017,748951,13,78825000,33181000,78825000,110,3112,0,1,100100000,0.0593595559784332,FALSE
"116","Turbo (film)","QULzGYRThH8",1897710,4040,399,83028128,2862096,50,137160000,21417000,137160000,96,3806,0,100,1010000000,-0.394662233887431,FALSE
"117","The Descendants (film)","pfPSrFDt5iQ",74759,152,14,82584160,170068,65,21020000,1226100,21020000,115,29,0,1,10100000,2.92883729781161,TRUE
"118","Ted (film)","8YBlnHxkCJc",2132928,3127,229,81476385,20868399,30,51550000,55851000,51550000,106,3239,0,1,10000000,0.580531231813773,FALSE
"119","Eat Pray Love","mjay5vgIwt4",4522876,6119,497,80574010,1846481,44,65160000,23924000,65160000,133,3082,0,10,100100,0.236556322897483,FALSE
"120","Dear John (2010 film)","ydmqSjgz85M",128635,122,19,80014842,7189048,15,27150000,31550000,27150000,108,2969,0,10,100100,1.94713966850829,TRUE
"121","Dark Shadows (film)","N6tVdffCr_M",876929,3513,107,79727149,2446616,60,103100000,30468000,103100000,113,3755,0,10,10010000,-0.226700785645005,FALSE
"122","Limitless (film)","jOLqNOfzus4",2833391,6036,201,79249455,1526770,32,28377000,19480000,28377000,105,2756,0,10,1011,1.79273549000951,TRUE
"123","Tower Heist","Z4KXF7NWFRE",5034010,5815,285,78046570,298986,102,78825000,24752000,78825000,104,3367,0,10,111000000,-0.00987542023469711,FALSE
"124","The Monuments Men","CreneTs7sGs",3926552,5843,503,78031620,253238,70,70000000,22700000,70000000,118,3083,0,10,100000,0.114737428571429,FALSE
"125","Parental Guidance (film)","5UzcG2EsACM",34932,54,2,77267296,41016,56,25775000,15190000,25775000,105,3367,0,100,10000000,1.99776124151309,TRUE
"126","Knight and Day","JGPl86DBNNs",2279457,3432,129,76423035,242553,31,127060000,20855000,127060000,109,3098,0,10,110000100,-0.398527978907603,FALSE
"127","Contagion (film)","4sYSyuuLk5g",7918279,9712,957,75658097,138698,41,63060000,23082000,63060000,106,3222,0,10,100011,0.19977952743419,FALSE
"128","Moneyball (film)","AiAHlZVgXjk",4725226,4975,286,75605492,389524,59,52550000,20092000,52550000,133,2993,0,10,100000,0.438734386298763,FALSE
"129","Jack and Jill (2011 film)","qHKTXrUnN58",2676889,2948,3565,74158157,2530669,42,83029000,25760000,83029000,91,3438,0,100,10000000,-0.106840296763781,FALSE
"130","Hugo (film)","UGTfCw1x98A",560503,1156,81,73864507,270696,94,178670000,11708000,178670000,126,1277,0,100,1000101000,-0.586586964795433,FALSE
"131","White House Down","4AXbiCdmXgw",5477575,7578,1061,73103784,671033,25,152400000,24975000,152400000,131,3222,0,10,100100001,-0.520316377952756,FALSE
"132","John Carter (film)","6Rf55GTEZ_E",8414903,8533,981,73078100,738686,9,271870000,30976000,271870000,132,3749,0,10,1100000010,-0.731202045095082,FALSE
"133","Hercules (2014 film)","OwlynHlZEc4",6726319,9609,712,72688614,986896,80,100000000,29000000,100000000,98,3595,0,10,1100000000,-0.27311386,FALSE
"134","Dolphin Tale","AJ_1eS2Erhk",444227,1019,51,72286779,485824,23,38887000,19732000,38887000,113,3507,0,100,100000,0.85889317766863,TRUE
"135","No Strings Attached (film)","Dcro1wGqBBA",369110,322,49,70662220,11412,35,26275000,20248000,26275000,108,3018,0,1,10000100,1.68933282588011,TRUE
"136","Act of Valor","ZnlPgo9TaGo",10300798,23854,1270,70012847,428832,0,12372000,10388,12372000,110,12,0,1,100000001,4.65897567086971,TRUE
"137","The American (2010 film)","hPYRslx1w4Y",93281,91,12,67876281,150617,64,21720000,17254000,21720000,105,2823,0,1,1100001,2.12505897790055,TRUE
"138","The Tourist (2010 film)","5R0vcopCNG0",299315,0,0,67631157,1567533,52,108600000,17057000,108600000,103,2756,0,10,100000101,-0.377245331491713,FALSE
"139","This Is 40","6sGkPwrze0o",9158628,7893,1139,67544505,104985,71,36085000,12348000,36085000,134,2913,1,1,10000000,0.871816682832202,TRUE
"140","The Bounty Hunter (2010 film)","tOGRLdlWHT4",969616,1077,54,67061228,1012546,35,43440000,21421000,43440000,110,3074,0,10,110000100,0.543766758747698,FALSE
"141","Contraband (2012 film)","SjcCbSmF_OA",4177142,4354,234,66528000,748025,30,25775000,24992000,25775000,109,2863,0,1,101100001,1.58110572259942,TRUE
"142","Looper (film)","2iQuhsmtfHw",7015805,12465,508,66486205,538290,56,30930000,21350000,30930000,119,2992,0,1,101000011,1.14957015842224,TRUE
"143","Warm Bodies (film)","c9RQe5WBbww",339341,2141,43,66380662,2425953,29,35560000,20454000,35560000,98,3009,0,10,10010100,0.8667227784027,TRUE
"144","Battleship (film)","cp3646Zf8rg",4540095,8065,611,65422625,2281738,9,215480000,26208000,215480000,131,3690,0,10,1100000011,-0.696386555596807,FALSE
"145","Jack the Giant Slayer","ng9rjC8MOgU",5270106,7034,718,65187603,458048,29,198120000,27336000,198120000,114,3525,0,10,1000000000,-0.670969094488189,FALSE
"146","Think Like a Man Too","N8b6kVSZNLE",8781519,19722,3086,65182182,4039192,53,24000000,29242000,24000000,106,2225,0,10,10000000,1.71592425,TRUE
"147","Mirror Mirror (film)","YgbH05rQx1s",2489306,3604,682,64935167,14268,48,87635000,18610000,87635000,106,3603,0,100,1010100000,-0.259027021167342,FALSE
"148","Chronicle (film)","NjTwbStRnf4",125895,99,57,64575175,754905,10,12372000,22585000,12372000,84,2907,0,10,100011,4.21946128354349,TRUE
"149","The Nut Job","fq4qP2oSpIA",2573905,3382,658,64251541,511254,75,42000000,20550000,42000000,85,3427,0,100,1010000000,0.529798595238095,FALSE
"150","Happy Feet Two","gKWNUyTGqss",8103134,7064,892,64006466,90822,164,136630000,21880000,136630000,100,3606,1,100,10000000,-0.531534318963624,FALSE
"151","Diary of a Wimpy Kid (film)","7ZVEIgPeDCE",5973095,8908,651,64003625,830425,23,16290000,22911000,16290000,94,3077,0,100,10000000,2.92901319828115,TRUE
"152","Last Vegas","TvK3m0wJutI",1910386,2515,211,63914167,126940,64,28448000,16415000,28448000,105,3065,0,10,10000000,1.24670159589426,TRUE
"153","Hope Springs (2012 film)","fQYEiC4CuD4",1278,1,0,63536011,200077,66,30930000,15037000,30930000,100,2361,0,10,10100100,1.05418722922729,TRUE
"154","A Nightmare on Elm Street (2010 film)","ZuYoEtEI_go",2094755,5146,415,63075011,3118608,126,1954800,1316100,1954800,91,165,0,1000,10000,31.266733681195,TRUE
"155","The Last Song (film)","7Bmuzr8K5ak",2036636,5398,113,62950384,7460123,11,21720000,16575000,21720000,107,2673,0,100,100100,1.89826813996317,TRUE
"156","The Adjustment Bureau","wZJ0TP4nTaE",5525832,8739,338,62495645,327067,54,52760000,21798000,52760000,106,2840,0,10,111,0.184527009097801,FALSE
"157","Prisoners (2013 film)","bpXfcTF6iVk",7809931,15246,570,61002302,349639,39,46736000,20919000,46736000,153,3260,0,1,1101001,0.305252952755906,FALSE
"158","After Earth","CZIt20emgLY",16583202,39165,3235,60522097,1666260,5,132080000,27655000,132080000,100,3401,0,10,1100000010,-0.541776976075106,FALSE
"159","The Lucky One (film)","9w8lE83oYeM",4441253,7809,0,60457138,2719391,25,25775000,23112000,25775000,101,3155,0,10,100100,1.3455727643065,TRUE
"160","Tooth Fairy (2010 film)","c",2388961,2587,8,60022256,533558,59,52128000,14508000,52128000,101,3344,0,100,10000000,0.151439840392879,FALSE
"161","Secretariat (film)","UKmuvjL2cVw",1514020,2058,89,59713955,104970,50,38010000,13145000,38010000,123,3072,0,100,100000,0.571006445672191,FALSE
"162","Son of God (film)","WcIXCok9HPg",8212193,33778,3519,59700064,11441342,27,22000000,26500000,22000000,138,3260,0,10,100000,1.71363927272727,TRUE
"163","Total Recall (2012 film)","_pV2zz3z0oM",1600965,3601,490,58877969,378806,0,128880000,26253000,128880000,118,3601,0,1000,1100001011,-0.543156665114836,FALSE
"164","Water for Elephants (film)","_6b2XhXkPpg",7265520,14285,627,58709717,518936,36,39938000,17352000,39938000,120,2817,0,10,100100,0.470021458260303,FALSE
"165","RoboCop (2014 film)","UuVphAuRo7Q",3569418,12257,1193,58607007,1552403,33,100000000,25062000,100000000,117,3372,0,10,100000011,-0.41392993,FALSE
"166","Escape from Planet Earth","Q1NhAUsyslk",2016339,2358,355,57012977,69905,52,40640000,15969000,40640000,89,3288,0,100,1010000010,0.402878371062992,FALSE
"167","American Reunion","1akixU65dDY",3629885,6970,221,57011521,139984,35,51550000,22082000,51550000,113,3192,1,1,10000000,0.105946091173618,FALSE
"168","Midnight in Paris","5nOF93SzX6s",495459,672,19,56817045,746321,39,17867000,617130,17867000,94,6,0,10,10000100,2.17999916046342,TRUE
"169","12 Years a Slave (film)","KrDg_6rxCzs",197405,319,17,56671993,853697,31,20320000,928260,20320000,134,19,0,1,100000,1.78897603346457,TRUE
"170","ParaNorman","hgwSpajMw3s",2901592,5579,418,56003051,826227,13,61860000,14459000,61860000,92,3429,0,100,1010000000,-0.0946807145166505,FALSE
"171","Friends with Benefits (film)","tx0GqHop4Sk",1208351,952,149,55802754,2967220,16,36785000,19186000,36785000,109,2926,0,1,10000100,0.516997526165557,FALSE
"172","Free Birds","UhxSOkTFGvo",1595366,3610,364,55750480,240375,45,55880000,15883000,55880000,91,3736,0,100,1010000000,-0.00231782390837509,FALSE
"173","This Means War (film)","oleuD8479uM",2120872,3736,175,54760791,244225,37,67015000,17865000,67015000,97,3189,0,1,110000100,-0.182857703499217,FALSE
"174","Project X (2012 film)","QBv54LhBWyQ",2895312,4291,456,54731865,3396,3,12372000,21607000,12372000,88,3055,0,1,11000000,3.42384941804074,TRUE
"175","Source Code","tKcDnd9PFE0",96764,101,10,54712227,277668,22,29428000,15260000,29428000,93,2961,0,10,1011,0.859189445426125,TRUE
"176","Evil Dead (2013 film)","clEXNgH6Oj8",1277297,2594,407,54239856,1263012,4,17272000,25903000,17272000,91,3025,1,1,10000,2.14033441408059,TRUE
"177","Insidious (film)","Gmpn9_D8sZ0",781115,919,116,54009150,4816242,21,1576500,13673000,1576500,103,2408,0,10,111001,33.2588962892483,TRUE
"178","Paranormal Activity 4","g7Xn2JqH5ng",8774901,21636,2192,53900335,19001461,6,5155000,29769000,5155000,88,3412,1,1,10000,9.45593307468477,TRUE
"179","RED 2 (film)","ZfB8QwYBPxY",3162485,6194,319,53262560,124492,93,85344000,18137000,85344000,116,3016,1,10,111000001,-0.375907386576678,FALSE
"180","Letters to Juliet","prc50Uod_vQ",2620078,6218,115,53032453,3202839,23,32580000,14021000,32580000,105,2968,0,100,10100100,0.627760988336403,FALSE
"181","Predators (film)","9u8vZwvP57Y",6386790,8871,512,52000688,262888,39,43440000,25640000,43440000,107,2699,1,1,1100000011,0.197069244935543,FALSE
"182","Footloose (2011 film)","gtjI6OHVk00",3917722,7243,2083,51802742,11229,5,25224000,16027000,25224000,113,3549,0,10,10100100,1.05370845226768,TRUE
"183","The Grey (film)","VRWF4cepn8U",2901558,4234,237,51580236,292009,77,25775000,20184000,25775000,117,3185,0,1,1000100001,1.00117307468477,TRUE
"184","Muppets Most Wanted","DQiGyBiNjLI",3272739,7042,600,51183113,6299751,35,50000000,17005000,50000000,107,3194,1,100,1011000000,0.02366226,FALSE
"185","Ouija (2014 film)","_T1Jj1inE8M",14479127,37528,2706,50856010,1860751,3,5000000,19900000,5000000,89,2061,0,10,10000,9.171202,TRUE
"186","The Boxtrolls","Q2dFVnp5K0o",2889900,4574,424,50837305,284969,104,60000000,17275000,60000000,96,3464,0,100,1010000000,-0.152711583333333,FALSE
"187","Alpha and Omega (film)","ixZfHe4ehzw",303680,379,52,50507267,228341,44,21720000,9430100,21720000,88,2625,0,100,1010000100,1.32538061694291,TRUE
"188","If I Stay (film)","rMp896hfp74",11959665,54644,1142,50474843,3155192,43,11000000,15679000,11000000,107,2907,0,10,100100,3.58862209090909,TRUE
"189","Hot Tub Time Machine","_TXNEE6SaoI",2919743,3979,238,50287556,6290,55,39096000,14518000,39096000,101,2754,0,1,10000010,0.286258338448946,FALSE
"190","Red Tails","BpA6TC0T_Lw",8808180,21897,1781,49876377,42106,67,59798000,19278000,59798000,125,2512,0,10,1100100000,-0.165918977223318,FALSE
"191","The Possession (2012 film)","0gBeG31fX40",9808422,17138,1145,49130154,1121630,49,14434000,18200000,14434000,92,2816,0,10,10001,2.40377954828876,TRUE
"192","About Last Night (2014 film)","nNZFE3z0T7E",6596987,15217,651,48637684,505208,48,12500000,27838000,12500000,100,2253,0,1,10000100,2.89101472,TRUE
"193","The Dilemma","TU8JFk7aXyA",3601059,2696,212,48475290,116957,46,73570000,18355000,73570000,111,2940,0,10,10100000,-0.341099768927552,FALSE
"194","Sinister (film)","_kbQAJR9YWQ",1535890,3148,129,48086903,1664316,45,3093000,18483000,3093000,110,2527,0,1,11000,14.5470103459425,TRUE
"195","Into the Storm (2014 film)","A_kj8EKhV3w",3587222,70000,774,47602194,527812,30,50000000,18015000,50000000,89,3434,0,10,100000001,-0.04795612,FALSE
"196","Savages (2012 film)","8imzQaoEwsA",2426827,2912,274,47382068,26336,13,46395000,16439000,46395000,131,2628,0,1,1100001,0.0212753098394224,FALSE
"197","The Judge (2014 film)","8ikeVQ8WAcQ",610273,1889,53,47119388,427889,77,50000000,46591000,50000000,141,3003,0,1,100000,-0.05761224,FALSE
"198","Killers (2010 film)","NXX51rOSHuE",1027262,557,105,47059963,9561913,25,81450000,16399000,81450000,100,2859,0,10,110000101,-0.422222676488643,FALSE
"199","Jersey Boys (film)","tL2iILHUsG0",1568789,4350,139,47047013,192568,19,40000000,13319000,40000000,134,2905,0,1,100000,0.176175325,FALSE
"200","Blended (film)","8MuWt2X59fo",9082586,21099,2073,46294610,475236,49,40000000,18185000,40000000,117,3555,0,10,10000100,0.15736525,FALSE
"201","Gangster Squad","qilrVR0miPU",3602079,6829,281,46000903,514736,55,60960000,17154000,60960000,113,3103,0,1,101100001,-0.245392011154856,FALSE
"202","Moonrise Kingdom","7N8wkVA4_8s",5239501,15802,545,45512466,366399,87,16496000,536790,16496000,94,4,0,10,1010100100,1.75900012124151,TRUE
"203","The Giver (film)","iJNNugNe0Wo",6136032,13749,1841,45090374,14581,80,25000000,12305000,25000000,97,3003,0,10,100010,0.80361496,TRUE
"204","Cop Out (2010 film)","Yb3S84gKqFE",129423,114,7,44875481,8930,79,40182000,18857000,40182000,107,3150,0,1,111000000,0.11680555970335,FALSE
"205","Soul Surfer (film)","MWeOjBCi3c4",6247668,7567,277,43853424,1392994,14,18918000,10923000,18918000,106,2214,0,100,100000,1.31807928956549,TRUE
"206","Need for Speed (film)","e73J71RZRn8",11814074,37383,1592,43577636,17756111,58,66000000,17845000,66000000,132,3115,0,10,101100001,-0.339732787878788,FALSE
"207","Edge of Darkness (2010 film)","hVOH8xrCI9I",395573,156,13,43313890,70071,47,86880000,17825000,86880000,117,3066,0,1,1101001,-0.501451542357274,FALSE
"208","A Million Ways to Die in the West","CXxqG4aqwY4",5437783,22113,1009,43139300,867179,44,40000000,17069000,40000000,116,3158,0,1,10000000,0.0784825,FALSE
"209","Snitch (film)","rieI5g9fgRc",6707271,9084,462,42930462,1027977,73,15240000,13232000,15240000,112,2511,0,10,100100001,1.8169594488189,TRUE
"210","Final Destination 5","ugUDNpKurXU",2339410,3188,261,42587643,5623,27,42040000,18577000,42040000,92,3155,1,1,10001,0.0130267126546147,FALSE
"211","Step Up 3D","TZe1Qz2twbE",577034,736,29,42400223,103697,5,32580000,16373000,32580000,107,2435,1,10,100100,0.30141875383671,FALSE
"212","Riddick (film)","F1Dm9zRogpE",559792,3064,57,42025135,1538787,24,38608000,19124000,38608000,119,3117,0,1,100000011,0.0885084697472027,FALSE
"213","Dolphin Tale 2","gMDymk_gx3A",1896349,3404,215,42024533,485824,97,36000000,15873000,36000000,107,3656,1,100,100000,0.167348138888889,FALSE
"214","The Last Exorcism","dOxQ7DmBQRg",408340,423,36,41034350,2466,79,1954800,21089000,1954800,87,2874,0,10,110001,19.9915848168611,TRUE
"215","End of Watch","mf2K9GzgiF0",4866845,8806,396,41003371,327008,23,7217000,13500000,7217000,109,2730,0,1,1100001,4.68149799085493,TRUE
"216","The Ides of March (film)","kkH1h2ypqcQ",192580,274,14,40962534,81986,27,13138000,10787000,13138000,101,2199,0,1,100000,2.11786679859948,TRUE
"217","Hanna (film)","u73CLdHpbNk",302056,805,36,40259119,275008,10,31530000,12745000,31530000,111,2535,0,10,1100000001,0.276851221059309,FALSE
"218","Legion (2010 film)","5mJEq85d1R8",462804,560,89,40168080,494097,30,28236000,18123000,28236000,100,2476,0,1,100010000,0.422583935401615,FALSE
"219","Burlesque (2010 musical film)","VKxq8PGNMcc",399406,773,35,39440655,197018,18,59730000,12372000,59730000,119,3037,0,10,100100,-0.339684329482672,FALSE
"220","The Expendables 3","4xD0junWlFc",15672295,35120,1450,39322544,8289376,65,90000000,15880000,90000000,126,3221,1,10,1100000001,-0.563082844444444,FALSE
"221","The Crazies (2010 film)","J7w9uWFIMBs",2481481,3420,162,39123589,634141,39,21720000,16638000,21720000,101,2,0,1,11001,0.801270211786372,TRUE
"222","Something Borrowed (film)","NzfBl8mfpck",2097506,4599,149,39046489,307880,6,36785000,14367000,36785000,112,2904,0,10,10100100,0.061478564632323,FALSE
"223","Earth to Echo","qwI8y3_Lvto",2639933,6590,548,38934842,229349,1,13000000,8250000,13000000,91,3230,0,100,1000000010,1.99498784615385,TRUE
"224","Sex Tape (film)","sxl4aOyHSwo",16533265,4877,1026,38543473,1129159,49,40000000,14608000,40000000,94,3062,0,1,10000100,-0.036413175,FALSE
"225","Rock of Ages (2012 film)","TT_Ytd21mKg",1102079,1721,212,38518613,435578,4,77325000,14818000,77325000,123,3470,0,10,10100100,-0.501860808276754,FALSE
"226","47 Ronin (2013 film)","j8cKdDkkIYY",16442758,41290,1871,38362475,523197,68,177800000,9959100,177800000,118,2689,0,10,1100100000,-0.784238048368954,FALSE
"227","Scream 4","IaCvEwm3SXs",365743,1255,112,38180928,5711353,17,42040000,19258000,42040000,111,3305,1,1,11000,-0.0917952426260704,FALSE
"228","Red Riding Hood (2011 film)","ekKMYAOmTj0",3804599,5972,597,37662162,1095850,25,44142000,14429000,44142000,100,3030,0,10,11001,-0.146795296996058,FALSE
"229","In Time (film)","fdadZ_KrZVw",12960842,15961,873,37520095,906896,16,42040000,12415000,42040000,109,3122,0,10,100000011,-0.107514391056137,FALSE
"230","Paul (film)","N_YrFMAEKKA",128557,337,10,37412945,820610,9,42040000,13438000,42040000,104,2802,0,1,1010000010,-0.110063154138915,FALSE
"231","Lawless (film)","4Zl7S1LaPMU",3653188,4357,237,37400127,8447,39,26806000,10265000,26806000,116,2888,0,1,1100000,0.395214765351041,FALSE
"232","The Roommate","7NX30f8b1Oo",799766,1279,127,37300107,538859,33,16816000,15457000,16816000,91,2534,0,1000,110001,1.21813195765937,TRUE
"233","Jumping the Broom","VWnIhMU_pRY",138341,254,12,37295394,1138575,66,6936600,15676000,6936600,112,2035,0,10,10100000,4.3766101548309,TRUE
"234","The Guilt Trip (film)","ezuLn0Eel6g",1419174,1281,139,37134215,68268,19,41240000,5532200,41240000,95,2431,0,10,10100000,-0.0995583171677983,FALSE
"235","30 Minutes or Less","Yh12cKUob_M",1040247,1705,83,37053924,399545,19,29428000,13734000,29428000,83,2888,0,1,111000000,0.259138371618866,FALSE
"236","Colombiana (film)","GygXjwoXKKk",637533,1033,131,36665854,1134904,29,42040000,10723000,42040000,108,2614,0,10,101100001,-0.127834110371075,FALSE
"237","Vampires Suck","glfM3SufqJU",155101,286,26,36661504,2894025,0,21720000,12636000,21720000,82,3233,0,10,10000000,0.687914548802947,FALSE
"238","Million Dollar Arm","lEtNIoPxcq8",1714805,4865,185,36457627,119871,48,25000000,10511000,25000000,124,3019,0,100,100000,0.45830508,FALSE
"239","Sucker Punch (2011 film)","XAnnWoXD2tI",552707,1422,65,36392502,1624824,17,86182000,19635000,86182000,110,3033,0,10,1100000000,-0.57772502378687,FALSE
"240","Walking with Dinosaurs (film)","P7lBKBxIwGM",6073627,9985,1006,36076121,142228,8,81280000,7335900,81280000,87,3231,0,100,1000000000,-0.556150086122047,FALSE
"241","The Watch (2012 film)","cYERNojq5AM",768911,1242,67,35353000,113732,104,70108000,13087000,70108000,102,3168,0,1,110000010,-0.495735151480573,FALSE
"242","Frankenweenie (2012 film)","29vIJQohUWE",103975,400,21,35291068,1973109,83,40209000,11713000,40209000,87,3005,0,100,10010010,-0.122309234251038,FALSE
"243","Carrie (2013 film)","qSn7JyijA8k",3228066,13102,650,35266619,1709931,64,30480000,17084000,30480000,100,3157,0,1,110000,0.157041305774278,FALSE
"244","Step Up Revolution","aEAt9eTi72w",3438891,3954,254,35074677,165242,9,34023000,12041000,34023000,99,2567,1,10,100100,0.0309107662463628,FALSE
"245","Drive (2011 film)","Pe6eOqheva8",2418519,1697,0,35060689,834411,27,15765000,11684000,15765000,100,2886,0,1,1100000,1.22395743736124,TRUE
"246","Green Zone (film)","syXsoovLUVA",239865,215,14,35053660,5799,18,108600000,14817000,108600000,115,3003,0,1,100100001,-0.677222283609576,FALSE
"247","Courageous (film)","rLYmku9OJ6A",263976,870,28,34522221,1415457,4,2102000,9337400,2102000,129,1161,0,10,100000,15.4235114176974,TRUE
"248","Texas Chainsaw 3D","75TvtJIbbNY",3057059,6456,0,34341945,2340230,21,10160000,21851000,10160000,92,2654,1,1,10001,2.38011269685039,TRUE
"249","Marmaduke (film)","NerHJqENCvs",1104746,1165,462,33644788,156767,35,54300000,12011000,54300000,87,3213,0,100,10000000,-0.380390644567219,FALSE
"250","Devil (2010 film)","LQdues4SA4w",2134250,2866,242,33601190,32858,23,10860000,12725000,10860000,80,2809,0,10,11001,2.09403222836096,TRUE
"251","Blue Jasmine","FER3C394aI8",3024538,2748,312,33405481,61954,44,18288000,615080,18288000,98,6,0,10,100000,0.826633912948381,TRUE
"252","The Rite (2011 film)","hUJH7DpWSS4",442631,606,31,33047633,301757,114,38887000,15237000,38887000,114,2985,0,10,111001,-0.150162445033044,FALSE
"253","Arthur (2011 film)","rtTVquZ2TFk",4175906,6356,586,33035397,683,18,42040000,12593000,42040000,110,3276,0,10,10000100,-0.214191317792578,FALSE
"254","Hereafter (film)","xDnHfQtH0zU",1368844,1362,91,32746941,74785,36,54300000,228140,54300000,129,6,0,10,100000,-0.396925580110497,FALSE
"255","Nightcrawler (film)","X8kYDQan8bw",7028886,15252,629,32381217,242705,27,8500000,10900000,8500000,117,2766,0,1,1000001,2.80955494117647,TRUE
"256","Side Effects (2013 film)","cEQDMFveSbQ",841970,947,75,32172757,285008,15,30480000,9348900,30480000,106,2605,0,1,1100001,0.0555366469816273,FALSE
"257","Scary Movie 5","RMDZ8M47j0I",13224564,29594,6887,32015787,93576,51,20320000,14227000,20320000,86,3402,1,10,10000000,0.575580068897638,FALSE
"258","House at the End of the Street","9SNvuq7bULo",958184,1195,129,31611916,351977,13,7113900,12611000,7113900,101,3083,0,10,11001,3.44368293060066,TRUE
"259","The Debt (2011 film)","qnPV_MLgiIc",381747,302,39,31177548,36570,100,21020000,10250000,21020000,113,1826,0,1,100001,0.483232540437678,FALSE
"260","Morning Glory (2010 film)","s9lWUqraDoU",5525239,5915,263,31011732,62534,18,43440000,9529900,43440000,107,2518,0,10,10100100,-0.286101933701657,FALSE
"261","Joyful Noise (film)","fJnqTSDSEO4",370982,1973,52,30932113,273460,55,25775000,11521000,25775000,118,2735,0,10,10000000,0.200081978661494,FALSE
"262","3 Days to Kill","yswZKfnmf7c",4303834,9342,486,30697999,136988,48,28000000,12242000,28000000,117,2872,0,10,100100001,0.0963571071428571,FALSE
"263","Deliver Us from Evil (2014 film)","JBxTF_DxN8k",1269877,1709,100,30577122,546032,26,30000000,9740500,30000000,118,3049,0,1,10001,0.0192374,FALSE
"264","How Do You Know (film)","hgl_CKpUEek",18704,25,2,30212620,111737,35,130320000,7750300,130320000,121,2483,0,1,10100100,-0.768165899324739,FALSE
"265","Daybreakers","mbVPb_lkRpw",1663050,2351,344,30101577,279222,0,21720000,15684000,21720000,98,2523,0,1,100010011,0.385892127071823,FALSE
"266","Priest (2011 film)","UfC5rMGrN58",47980,31,7,29136626,820331,33,63060000,15406000,63060000,87,2864,0,10,100010011,-0.537953916904535,FALSE
"267","The Mechanic (2011 film)","L9f9HkeTx4Y",550622,893,40,29121498,2438,27,42040000,11768000,42040000,93,2703,0,1,101000001,-0.307290723120837,FALSE
"268","Draft Day","K3SlVsdUuBY",3678187,2114,270,28842237,127269,7,27000000,9783600,27000000,110,2781,0,1,100000,0.068231,FALSE
"269","Beastly (film)","Neo6W1f7hyY",10762360,34878,1557,27865571,1441297,4,17867000,10149000,17867000,86,1952,0,10,100100,0.55961107068898,FALSE
"270","The Switch (2010 film)","7g0IPbbVUaI",6525594,6303,297,27779426,297050,72,20634000,8736100,20634000,101,2012,0,1,10100100,0.346293786953572,FALSE
"271","Oculus (film)","dYJrxezWLUk",8780278,17770,1188,27695246,455144,25,5000000,12005000,5000000,104,2648,0,1,10000,4.5390492,TRUE
"272","Cloud Atlas (film)","hWnAqFyaQ5s",19525516,73421,2727,27108272,422519,64,105160000,9865800,105160000,172,2008,0,1,100010,-0.742218790414606,FALSE
"273","Winnie the Pooh (2011 film)","Qolm1B7y3xk",39403,76,2,26692846,16268029,119,31530000,8094900,31530000,63,2405,0,1000,1010000000,-0.153414335553441,FALSE
"274","Machete (film)","XXiuT5Zd8Do",461397,636,47,26593646,1145,165,11403000,14603000,11403000,105,2670,0,1,101000001,1.33216223800754,TRUE
"275","One for the Money (film)","K7Rqrts4jPM",2239933,2467,645,26414527,177751,33,41240000,11820000,41240000,91,2737,0,10,111000101,-0.359492555771096,FALSE
"276","Ramona and Beezus","6yG4oBdWONM",1261733,2727,111,26167002,810634,14,16290000,8087700,16290000,103,2719,0,1000,1010000000,0.606323020257827,FALSE
"277","That Awkward Moment","wRcVgJjnFLo",7883385,19963,791,26068955,1237887,31,8000000,8742100,8000000,94,2809,0,1,10000100,2.258619375,TRUE
"278","Leap Year (2010 film)","HrlQBsd8LsE",1397750,3022,89,25918920,508132,36,20634000,2823,20634000,100,1,0,100,10000100,0.256126781041,FALSE
"279","Alex Cross (film)","31_NVBkdOzo",325306,605,65,25888412,86689,20,36085000,11697000,36085000,101,2339,0,10,101001001,-0.282571373146737,FALSE
"280","You Again","DnEi2PXflXs",45886,67,2,25702053,547231,34,21720000,8705900,21720000,105,2548,0,100,10000100,0.183335773480663,FALSE
"281","Her (film)","6QRvTv_tpw0",3336977,10433,693,25568251,39580,40,23368000,261660,23368000,126,6,0,1,100110,0.0941565816501198,FALSE
"282","Boyhood (film)","Y0oX0xiwOv8",3408639,8245,277,25352281,427699,4,4000000,1992400,4000000,165,771,0,1,100000,5.33807025,TRUE
"283","Escape Plan (film)","CI4EjV_x_PQ",5936522,11024,527,25135965,310620,62,50800000,9848200,50800000,115,2883,0,1,100001001,-0.505197539370079,FALSE
"284","Killer Elite (film)","lft48yFsHGU",1008783,1062,33,25124966,455845,27,36785000,9581500,36785000,116,2986,0,1,101000001,-0.316977952969961,FALSE
"285","Season of the Witch (2011 film)","Wh3X5JB5urs",66279,24,0,24827228,384497,0,42040000,10934000,42040000,95,2816,0,1000,1100000000,-0.409437963843958,FALSE
"286","Our Idiot Brother","1yvn8a16B9Q",1758001,2886,160,24816118,100840,66,5255000,7223800,5255000,90,2555,0,1,10100000,3.72238211227402,TRUE
"287","Don Jon","6615kYTpOSU",7688506,28184,845,24477704,356688,60,6096000,8719700,6096000,90,2422,0,1,10100100,3.01537139107612,TRUE
"288","Sparkle (2012 film)","k49K3b4vuwE",319197,737,57,24397469,1367,2,17527000,11951000,17527000,116,2244,0,10,100000,0.391993438694585,FALSE
"289","The Spy Next Door","yrrkQFf6QvI",372094,288,38,24307086,815699,106,30408000,13334000,30408000,94,2924,0,100,110000000,-0.200635161799526,FALSE
"290","From Paris with Love (film)","t40DINNGjYE",172388,195,14,24077427,543984,60,56472000,8448400,56472000,92,2722,0,1,100000001,-0.573639555886103,FALSE
"291","The Losers (film)","o_K6y8ihyi8",1974445,1669,117,23591432,2210529,43,27150000,9740200,27150000,97,2936,0,10,101101001,-0.131070644567219,FALSE
"292","Endless Love (2014 film)","TRXGch6675Q",15860353,34163,1665,23438250,642286,9,20000000,15059000,20000000,104,2800,0,10,100100,0.1719125,FALSE
"293","Faster (2010 film)","Buf4_Crt27c",6546517,5463,290,23240020,53788,59,26064000,8825600,26064000,98,2454,0,1,101100001,-0.108347912829957,FALSE
"294","Monte Carlo (2011 film)","Rxm_bVVhbr8",11725714,29873,1790,23186769,2111281,19,21020000,8848200,21020000,109,2,0,100,1010000100,0.103081303520457,FALSE
"295","Transcendence (2014 film)","WwtxMa4bU04",15175796,38625,1552,23022309,457098,65,100000000,10886000,100000000,119,3455,0,10,101111,-0.76977691,FALSE
"296","Your Highness","FplWxtPzWY8",5224117,7732,414,21596445,249483,16,52445000,9643300,52445000,102,2769,0,1,1010000000,-0.588207741443417,FALSE
"297","Skyline (film)","qdOGJi5Sne4",3682615,4115,946,21393620,412520,59,10860000,12107000,10860000,97,2880,0,10,100000011,0.969946593001842,TRUE
"298","Mars Needs Moms","_aS5W___Ezk",1823118,1903,1542,21392758,196928,117,157650000,7123800,157650000,88,3117,0,100,1110000010,-0.864302201078338,FALSE
"299","Dream House (film)","nIeMYPfnST0",3982432,3590,337,21302340,139268,53,57805000,8375400,57805000,92,2661,0,10,101001,-0.631479283798979,FALSE
"300","Conan the Barbarian (2011 film)","o1iJZIMddpM",3587037,4028,670,21295021,468262,9,73570000,10325000,73570000,113,3015,0,1,1100000000,-0.710547492184314,FALSE
"301","The Next Three Days","lti0vfCPZns",4023999,4477,196,21148651,206699,38,38010000,6775000,38010000,133,2564,0,10,1100101,-0.443602972901868,FALSE
"302","The Kids Are All Right (film)","RixlpHKfb6M",593179,898,67,20811365,87726,56,3801000,509430,3801000,106,7,0,1,10100000,4.47523414890818,TRUE
"303","Brick Mansions","4CzcsN4k9FM",5135172,13467,540,20396829,572511,39,28000000,9516900,28000000,90,2647,0,10,101100001,-0.271541821428571,FALSE
"304","The Three Musketeers (2011 film)","TYic5JxgTMc",133298,307,29,20374484,548181,31,78825000,8937000,78825000,110,3017,0,10,1100000100,-0.741522562638757,FALSE
"305","Premium Rush","Pn6ie1zCkZU",3981707,9547,645,20275446,174191,56,36085000,6466200,36085000,91,2255,0,10,101000001,-0.438119828183456,FALSE
"306","Our Family Wedding","wKfmsOfYNh8",1853422,2516,154,20255281,82916,76,15204000,7900600,15204000,103,1605,0,10,10000100,0.332233688503026,FALSE
"307","Country Strong","GOLzfxrgvKM",868115,1330,63,20218921,371008,38,16290000,31064,16290000,117,2,0,10,100000,0.241186065070595,FALSE
"308","Homefront (film)","tjSOj8b804U",7902602,16860,693,20158898,531537,33,22352000,6949300,22352000,100,2570,0,1,101100001,-0.0981165891195419,FALSE
"309","Big Miracle","fwavA7RIVpQ",1558367,2806,199,20157300,256885,0,41240000,7964900,41240000,107,2047,0,100,100100,-0.511219689621726,FALSE
"310","Broken City (film)","Q3HgYu1atOo",3456928,3298,218,19701164,128492,32,35560000,8309600,35560000,109,2620,0,1,1100001,-0.445974015748031,FALSE
"311","Beautiful Creatures (2013 film)","eLDL5mxgYNY",1769182,6130,244,19452138,1180981,9,60960000,7619900,60960000,124,2950,0,10,100100,-0.680903248031496,FALSE
"312","Runner Runner (film)","dyboDr1e2xI",1675593,2932,187,19316646,170027,21,30480000,7744600,30480000,91,3026,0,1,1000001,-0.366251771653543,FALSE
"313","Remember Me (2010 film)","IMBfTdm9ALk",10758628,19581,899,19068240,9042093,0,17376000,8376200,17376000,113,2212,0,10,100100,0.0973895027624309,FALSE
"314","Shark Night 3D","ULybKyCjhnA",2457631,2820,1071,18877153,731701,43,26275000,8658600,26275000,90,2806,0,10,10001,-0.281554595623216,FALSE
"315","The Legend of Hercules","jcdhyaP0T7g",9134255,16625,3087,18848538,740218,32,70000000,8600000,70000000,99,2104,0,10,1100000000,-0.730735171428571,FALSE
"316","Man on a Ledge","sBJSfqdhyTg",3624149,2616,185,18620000,458572,28,43302000,8213000,43302000,102,2998,0,10,101000001,-0.569996766892984,FALSE
"317","A Thousand Words (film)","N6AxRCP3e4s",362863,1039,26,18450127,143775,48,41240000,6339200,41240000,91,1890,0,10,10100000,-0.5526157371484,FALSE
"318","Fright Night (2011 film)","6enhzzeK6l0",75616,177,7,18302607,538222,28,31530000,8360000,31530000,106,3114,0,1,10010000,-0.419517697431018,FALSE
"319","Admission (2013 film)","3w0mN9A9cAU",34226,82,2,18007317,34902,22,13208000,6185300,13208000,107,2160,0,10,10100100,0.363364400363416,FALSE
"320","Going the Distance (2010 film)","1HGDx2cAdMo",4725171,5895,188,17804299,2469,61,34752000,8810200,34752000,102,3030,0,1,10000100,-0.487675558241252,FALSE
"321","The Perks of Being a Wallflower (film)","n5rh7O4IDc0",7791645,44843,680,17742948,1766952,16,13403000,234380,13403000,102,4,0,10,100100,0.323804222935164,FALSE
"322","Apollo 18 (film)","4RGhKzUUaME",2120461,2629,346,17687709,196516,36,5255000,8967700,5255000,86,3328,0,10,10011,2.36588182683159,TRUE
"323","Furry Vengeance","FQAx4_So3UE",49610,117,32,17630465,1966,49,38010000,6862800,38010000,92,2997,0,100,10000000,-0.536162457248093,FALSE
"324","Parker (2013 film)","UcoG6NwxEF4",6023920,4473,790,17616641,25940,33,35560000,7042700,35560000,118,2224,0,1,101000001,-0.504593897637795,FALSE
"325","A Haunted House 2","eDyh9YloMVk",4903257,18212,1006,17329486,2368683,34,3500000,8843900,3500000,86,2310,1,1,10010000,3.95128171428571,TRUE
"326","Splice (film)","8pIeSYhipUs",2006006,2708,278,17010170,1740,39,28236000,7647400,28236000,104,2450,0,1,10010,-0.39757153987817,FALSE
"327","Black Swan (film)","coVi98u5RL0",115208,208,16,16954678,3582381,32,14118000,1495000,14118000,108,18,0,1,101001,0.200926335174954,FALSE
"328","The Thing (2011 film)","UKjErC2JLQc",3637550,5466,898,16928670,675556,54,15765000,3202000,15765000,109,840,1,1000,10010,0.07381351094196,FALSE
"329","The Master (2012 film)","fJ1O1vb9AUU",4446358,6899,402,16377274,7564,39,32992000,755740,32992000,144,5,0,1,100000,-0.503598629970902,FALSE
"330","The Raven (2012 film)","vYAZnVk0Czw",3911267,4513,301,16008272,12231,57,26806000,7482000,26806000,110,2203,0,1,1001001,-0.402810117137954,FALSE
"331","The Man with the Iron Fists","mVi4yXNWZf8",344845,834,40,15634090,310679,20,15465000,8119700,15465000,95,1868,0,1,100000000,0.0109337213061752,FALSE
"332","Youth in Revolt (film)","vKVwToDbpq0",6194,17,1,15281286,137847,39,19548000,7132800,19548000,90,1873,0,1,10100100,-0.218268569674647,FALSE
"333","And So It Goes (film)","42Ejhe6dWpA",178086,256,14,15160801,3682,66,30000000,4552000,30000000,94,1762,0,10,10100100,-0.494639966666667,FALSE
"334","Judy Moody and the Not Bummer Summer","UukpvGLVWVs",810792,1798,354,15013650,40042,5,21020000,6260800,21020000,91,2524,0,100,10000000,-0.285744529019981,FALSE
"335","My Soul to Take","RmByUgdi6wE",1422274,2333,183,14744435,3102,8,27150000,7085000,27150000,107,2572,0,1,11001,-0.456926887661142,FALSE
"336","Big Eyes","2xD9uTlh5hI",3648895,13692,350,14482031,9653,47,10000000,3001700,10000000,106,1307,0,10,100000,0.4482031,FALSE
"337","Lockout (film)","zLTOzu8N1Pg",2622222,2467,218,14326864,123050,40,20620000,6396200,20620000,95,2308,0,10,100100011,-0.305195732298739,FALSE
"338","Spring Breakers","oaeVPdsVkyA",5396437,9915,1662,14124284,1111863,70,5080000,264300,5080000,94,3,0,1,101100000,1.78037086614173,TRUE
"339","Left Behind (2014 film)","GrXe8YDbzYs",6643560,12510,2438,14019924,1458687,75,16000000,6300100,16000000,110,1825,0,10,100000011,-0.12375475,FALSE
"340","Repo Men","jl9Nvg4yuus",3936606,3349,703,13794835,9604,38,34752000,6343600,34752000,111,2521,0,1,101000011,-0.603049177025783,FALSE
"341","Hit and Run (2012 film)","6nZlXB5okeo",2755726,3261,290,13749300,130516,44,2062000,6055700,2062000,100,2870,0,1,110000100,5.66794374393792,TRUE
"342","Warrior (2011 film)","I5kzcwcQA1Q",3740035,7135,255,13657115,927941,47,26275000,5400800,26275000,140,1869,0,10,100000,-0.480223977164605,FALSE
"343","Labor Day (film)","QOQL3Xi8dPE",1136519,2076,107,13371528,116693,37,18000000,5175300,18000000,111,2584,0,10,100000,-0.257137333333333,FALSE
"344","The Tree of Life (film)","WXRYA1dxP_0",10379609,15788,1588,13303319,186286,59,33632000,508730,33632000,139,4,0,10,100000,-0.604444606327307,FALSE
"345","Inside Llewyn Davis","LFphYRyH7wc",1543518,3334,116,13235319,121226,20,11176000,407400,11176000,104,4,0,1,100000,0.184262616320687,FALSE
"346","The Rum Diary (film)","R8KblG1S0_A",179891,604,13,13109815,214113,54,47295000,5290800,47295000,120,2272,0,1,10100000,-0.722807590654403,FALSE
"347","Beasts of the Southern Wild","ZF7i2n5NXLo",2298966,6119,200,12795746,89145,0,1855800,174180,1855800,93,4,0,10,100000,5.89500269425585,TRUE
"348","People Like Us (film)","LomUmAONUpo",2059057,2242,227,12434778,108755,24,26806000,14182000,26806000,125,1,0,10,100000,-0.536119600089532,FALSE
"349","Let Me In (film)","reRRAEVHq8E",5097307,7277,902,12134935,462810,11,21720000,5330200,21720000,116,2021,0,1,111000,-0.441301335174954,FALSE
"350","Extraordinary Measures","hUNUaAREi9A",21258,27,1,12068313,8284,49,33666000,6226000,33666000,106,2545,0,100,100000,-0.641528158973445,FALSE
"351","The Conspirator","8XhOq5zp6j4",375376,553,58,11538204,31846,29,26275000,3615200,26275000,122,707,0,10,1100000,-0.560867592768792,FALSE
"352","The Words (film)","gjmrDDD9o_k",3877398,7247,227,11494838,158381,71,6186000,4876200,6186000,102,2801,0,10,101100,0.85820206918849,TRUE
"353","Out of the Furnace","Gw0qH34cbRE",4616079,9107,364,11330849,101624,69,22352000,5246000,22352000,116,2101,0,1,1100001,-0.493072253042233,FALSE
"354","Drive Angry","4scfLJeDHHk",778976,586,75,10721033,118777,59,52550000,5344600,52550000,104,2290,0,1,110000001,-0.795984148430067,FALSE
"355","Jonah Hex (film)","_l0zSd_DQQ4",4271229,3975,374,10547117,108400,42,51042000,5570300,51042000,81,2825,0,10,100100001,-0.79336395517417,FALSE
"356","Sabotage (2014 film)","8HDArXZgrsE",3748587,6426,446,10508518,172613,47,35000000,5272400,35000000,109,2486,0,1,101100001,-0.699756628571429,FALSE
"357","Getaway (film)","7ZF4jzMJ1oI",1652596,8329,282,10501938,349532,48,18288000,5633700,18288000,90,2130,0,10,101000001,-0.425747047244095,FALSE
"358","Straw Dogs (2011 film)","TCrwSCHC6n8",671602,542,88,10324441,147427,43,26275000,5278800,26275000,110,2408,0,1,10001,-0.607062188392008,FALSE
"359","Prom (film)","4YziwpXjY2o",3099259,4381,597,10130219,1273724,12,8408000,4855300,8408000,104,2730,0,100,10100000,0.204830994291151,FALSE
"360","Blue Valentine (film)","3oiY7W7nDeE",4293540,7808,285,9706328,344152,25,1086000,200600,1086000,112,4,0,1,100100,7.93768692449355,TRUE
"361","Bullet to the Head","UuCUpV81tNE",3585350,6416,398,9489829,485082,62,55880000,4570600,55880000,92,2404,0,1,101000001,-0.830174856836077,FALSE
"362","Fun Size","TPaYkQc1Ylw",8191916,21402,1353,9409538,327925,17,14434000,4209200,14434000,86,3014,0,10,10000000,-0.348099071636414,FALSE
"363","Bernie (2011 film)","YJuhWKcY_6U",808404,774,71,9206470,25414,94,5155000,88068,5155000,99,3,0,10,11100000,0.785930164888458,TRUE
"364","Get Low (film)","I755U1Par9w",178992,206,8,9176933,1967,134,8145000,91311,8145000,100,4,0,10,101000,0.126695273173726,FALSE
"365","Battle of the Year (film)","QibqRB9Gs9k",3160416,8410,608,8888355,295839,20,20320000,4625800,20320000,110,2008,0,10,0,-0.562580954724409,FALSE
"366","Movie 43","A9fBCkwDW8c",2438394,4061,684,8840453,254696,76,6096000,4829500,6096000,94,2023,0,1,10000000,0.450205544619423,FALSE
"367","Inherent Vice (film)","wZfs22E7JmI",5588527,11135,989,8110975,63095,3,20000000,2773300,20000000,148,645,0,1,1101000,-0.59445125,FALSE
"368","Arbitrage (film)","UmJSV9ePx7c",959742,727,85,7919574,15691,48,12372000,2055000,12372000,107,197,0,1,100001,-0.359879243452958,FALSE
"369","Paranoia (2013 film)","0bdZWrW6HnA",6110978,23605,613,7385015,130397,26,20320000,22334000,20320000,105,2925,0,10,101001,-0.636564222440945,FALSE
"370","The Big Year","JCBAP2wId5M",2042802,1700,177,7204138,22002,119,43091000,3350300,43091000,100,2150,0,100,10000000,-0.832815715578659,FALSE
"371","Seeking a Friend for the End of the World","pW_OyiUgW88",775716,1437,67,7078738,97672,9,10310000,3923700,10310000,101,1625,0,1,1010100110,-0.313410475266731,FALSE
"372","Conviction (2010 film)","NrPtr0aQx3s",2118168,3144,80,6783129,149670,34,13575000,105980,13575000,107,11,0,1,100000,-0.500321988950276,FALSE
"373","City Island (film)","LIGdleyv8vo",154649,214,8,6671036,251081,56,6516000,33136,6516000,104,2,0,10,10100000,0.023793124616329,FALSE
"374","Chasing Mavericks","jh09vEGNrXc",1089446,1899,90,6002756,188100,43,20620000,2328100,20620000,116,2002,0,100,100000,-0.708886711930165,FALSE
"375","The Sessions (film)","zymGiLJBpB8",380184,403,29,6002451,1625,105,1031000,116460,1031000,95,4,0,1,10100100,4.82196993210475,TRUE
"376","Casa de Mi Padre","yOrOPIqAlCk",703151,1523,163,5909483,185406,75,6186000,2347600,6186000,84,382,0,1,10000000,-0.0447004526349822,FALSE
"377","Beginners","rXUFUp6vsxg",2357252,5656,210,5790894,78922,52,3363200,145620,3363200,105,5,0,1,10100100,0.72184050903901,FALSE
"378","Margin Call (film)","_5f0eCfPYFw",16513,12,2,5354039,37496,60,3678500,578910,3678500,107,56,0,1,100001,0.455495174663586,FALSE
"379","20 Feet from Stardom","tWyUJcA8Zfo",742045,1617,77,4946445,16610,0,1016000,54864,1016000,91,3,0,10,0,3.86854822834646,TRUE
"380","The Company Men","xa5qg7cB1ZQ",603146,515,55,4441272,5614,50,16290000,670780,16290000,104,106,0,1,100000,-0.727362062615101,FALSE
"381","Solitary Man (film)","lm95_LnjUJQ",178581,104,18,4360548,5625,58,16290000,98305,16290000,90,4,0,1,10100100,-0.732317495395948,FALSE
"382","Safety Not Guaranteed","73jSnAs7mq8",2745604,6811,274,4010957,58546,20,773250,100340,773250,86,9,0,1,10100100,4.18714128677659,TRUE
"383","Wish I Was Here","aCponfeWNOI",3292244,0,0,3591299,121258,27,6000000,484400,6000000,106,68,0,1,10100000,-0.401450166666667,FALSE
"384","The Runaways (film)","uHpEJ749TRM",3024102,6636,298,3573673,309052,22,10860000,833690,10860000,106,244,0,1,100000,-0.670932504604052,FALSE
"385","Like Crazy","hTUvX_pYNBM",2203683,6862,134,3395391,132493,28,262750,126870,262750,90,4,0,10,100100,11.922515699334,TRUE
"386","Stand Up Guys","NApJNjPTqZs",1735510,2875,155,3310031,66518,45,15240000,1493700,15240000,95,659,0,1,11000001,-0.782806364829396,FALSE
"387","You Will Meet a Tall Dark Stranger","BMOpyl14mII",129913,80,18,3248246,20457,78,23892000,165780,23892000,98,6,0,1,10100100,-0.86404461744517,FALSE
"388","Home Run (film)","280VyEaI7zY",81481,428,7,2861020,129378,19,1219200,1590300,1219200,113,381,0,10,100000,1.34663713910761,TRUE
"389","Letters to God","8j2thFDUNO8",94269,328,9,2848578,744960,1,3801000,1140300,3801000,110,897,0,100,100000,-0.250571428571429,FALSE
"390","Death at a Funeral (2010 film)","F5jjbQuv2h4",619754,675,110,2739347,756712,15,9774000,1328500,9774000,90,260,0,1,10000000,-0.719731225700839,FALSE
"391","The Good Lie","c2tI5zW3IU8",1580578,3893,228,2722209,56068,40,20000000,841420,20000000,110,461,0,10,100000,-0.86388955,FALSE
"392","Everything Must Go (film)","fH_RxANZa6M",18286,28,3,2711643,14811,71,5255000,815640,5255000,97,218,0,1,10100000,-0.483988011417697,FALSE
"393","Girl in Progress","mRn2kNHHtXA",135193,373,18,2609412,50760,30,5155000,1420600,5155000,93,322,0,10,10100000,-0.493809505334627,FALSE
"394","Carnage (2011 film)","ON3kwJPwcMU",626416,671,106,2547047,11095,72,26275000,82209,26275000,80,5,0,1,10100000,-0.903061960038059,FALSE
"395","Never Let Me Go (2010 film)","sXiRZhDEo8A",13050978,31534,837,2434652,326745,14,16290000,115700,16290000,103,4,0,1,100110,-0.850543155310006,FALSE
"396","Oldboy (2013 film)","WKz_AUF0GcU",6754070,7208,1569,2193658,59787,12,3048000,889740,3048000,120,583,0,1,101001,-0.28029593175853,FALSE
"397","Killer Joe (film)","cxpvzmvFHTM",1672937,2005,139,1987762,38888,43,11341000,38862,11341000,102,3,0,1,1100001,-0.824727801781148,FALSE
"398","Crooked Arrows","3ArAWYKDONY",137231,246,133,1832541,122402,30,13403000,257660,13403000,105,55,0,10,100000,-0.863273819294188,FALSE
"399","Stone (2010 film)","FOcSnURwn50",156965,32,24,1810078,6298,77,23892000,78454,23892000,105,6,0,1,100001,-0.924239159551314,FALSE
"400","Somewhere (2010 film)","iEga7Hz9a3U",621980,1031,48,1785645,53423,59,8688000,123310,8688000,97,7,0,1,10100000,-0.794469958563536,FALSE
"401","A Better Life","vha1dmIXVqY",223060,567,18,1759252,48261,59,10510000,63966,10510000,98,4,0,10,100000,-0.832611607992388,FALSE
"402","Flipped (film)","q40GxY5n2Dg",928710,5433,78,1755212,345676,17,15204000,232190,15204000,90,45,0,100,10100100,-0.884555906340437,FALSE
"403","Take Shelter","I5U4TtYpKIc",1898837,3282,120,1730296,3092,45,5255000,53616,5255000,121,3,0,1,100001,-0.670733396764986,FALSE
"404","Stoker (film)","JNpDG4WR_74",2457197,6123,225,1714221,71705,22,12192000,161340,12192000,99,7,0,1,101001,-0.859397883858268,FALSE
"405","The Joneses","n2Y3GoN2PGw",1355502,1192,94,1475746,39576,62,5430000,527780,5430000,96,193,0,1,10100000,-0.728223572744015,FALSE
"406","Disconnect (film)","aqCcQOlDM4o",3062860,7607,291,1436900,46847,70,10160000,124610,10160000,115,15,0,1,100001,-0.858572834645669,FALSE
"407","Snow Flower and the Secret Fan (film)","Aa93drpm30E",458628,864,40,1348205,7154,46,6306000,138060,6306000,104,24,0,10,100000,-0.786202822708532,FALSE
"408","Mother and Child (film)","H87uMXAQzjc",523487,643,78,1110509,26785,2,5240000,44567,5240000,125,4,0,1,100100,-0.788070801526718,FALSE
"409","Red State (2011 film)","rVnAgwwIySo",151919,67,9,1104682,22746,44,4204000,210410,4204000,88,1,0,1,101010001,-0.737230732635585,FALSE
"410","The Oogieloves in the Big Balloon Adventure","FJOysq4B2Jw",21266,27,190,1065907,2409,50,12372000,455610,12372000,88,2160,0,1000,1000000000,-0.913845215001617,FALSE
"411","Buried (film)","j1Yyhxq56Xg",1624386,2363,303,1044143,48781,43,3258000,103830,3258000,95,11,0,1,101001,-0.679514119091467,FALSE
"412","Casino Jack","w1igM1mfzPI",782439,487,44,1042959,7780,57,16290000,35753,16290000,108,7,0,1,11100000,-0.935975506445672,FALSE
"413","Phantom (2013 film)","hTGNNxqlba0",357434,149,28,1034589,1085,26,10160000,510500,10160000,98,1118,0,1000,1,-0.898170374015748,FALSE
"414","The Beaver (film)","DOSOWNS3jts",1460131,1900,664,970816,3456,48,22071000,110830,22071000,91,22,0,10,100000,-0.956013954963527,FALSE
"415","Alone Yet Not Alone","dqGUL6LD2lE",65175,207,17,887851,187211,1,7112000,126390,7112000,103,11,0,10,0,-0.875161557930259,FALSE
"416","Middle Men (film)","m3gcb_9Q10E",1691147,1167,81,754301,6584,46,23892000,337200,23892000,105,252,0,1,11100000,-0.968428720910765,FALSE
"417","The Greatest Movie Ever Sold","T4Ng2P3zxfM",564684,2043,85,638476,7425,6,1576500,121870,1576500,90,18,0,10,10000000,-0.595004123057406,FALSE
"418","The Signal (2014 film)","gwgfeR2pMuE",7440365,15020,742,600896,23490,0,4000000,155640,4000000,97,120,0,10,11,-0.849776,FALSE
"419","The Future (film)","pK2zYHWDZKo",33935436,125873,6152,568662,4240048,13,11561000,4937800,11561000,92,484,0,1000,10000000,-0.950812040480927,FALSE
"420","The Extra Man (film)","Y9dBeef9KWc",181294,127,10,457867,2333,20,7602000,19530,7602000,108,2,0,1,10000000,-0.939770192054722,FALSE
"421","Bachelorette (film)","8aXt6qV4WoA",2658424,3009,313,447954,6175,59,3093000,186280,3093000,87,47,0,1,10000100,-0.855171677982541,FALSE
"422","Upstream Color","5U9KmAlrEXU",1133065,2987,108,444098,14757,39,50800,28789,50800,96,1,0,1000,101010,7.74208661417323,TRUE
"423","Hesher (film)","HXKRKpvv3SU",1434642,3678,225,382946,21204,50,7357000,129860,7357000,106,42,0,1,100000,-0.947948076661683,FALSE
"424","Smashed (film)","KeKLxspQWl8",231389,262,23,376597,1978,25,515500,27653,515500,81,4,0,1,100000,-0.269452958292919,FALSE
"425","Piranha 3DD","_XIyJO6vf3c",3459670,3880,1374,376512,448137,34,5155000,187040,5155000,83,86,1,1,10010000,-0.926961784675073,FALSE
"426","Joe (2013 film)","3WPLVEUx5AU",2774095,3140,166,373375,1609,68,4064000,106400,4064000,117,48,0,1,100000,-0.908126230314961,FALSE
"427","Lovelace (film)","gOZeunWBhe4",78761,27,1,356582,135475,31,10160000,185440,10160000,93,118,0,1,100000,-0.964903346456693,FALSE
"428","Like Dandelion Dust","XT6olxrZUJs",400627,578,19,352810,18576,43,2715000,80726,2715000,100,25,0,10,100000,-0.870051565377532,FALSE
"429","Super (2010 American film)","eL57ncw2jr8",3558724,11686,512,327716,32863,45,2627500,47957,2627500,96,11,0,1,11000000,-0.875274595623216,FALSE
"430","Compliance (film)","WdONydDX44I",1456101,1713,246,319285,15870,64,278370,16860,278370,90,1,0,1,1100001,0.146980637281316,FALSE
"431","Stolen (2012 film)","rpMxOjUjweA",3473660,2364,1184,304318,1623,64,36085000,187960,36085000,96,141,0,1,101100001,-0.991566634335597,FALSE
"432","Holy Rollers (film)","_mAeR9ez5Wk",13576,12,2,303064,2743,16,1086000,41093,1086000,89,3,0,1,1100000,-0.720935543278085,FALSE
"433","The Tempest (2009 film)","G34WI0hSF1o",1284734,1642,259,277943,154111,12,21720000,43941,21720000,110,5,0,10,10100100,-0.987203360957643,FALSE
"434","Life of Crime (film)","M29yK7WWeKY",3133639,5182,249,265452,5465,52,12192000,104810,12192000,98,37,0,1,11000000,-0.978227362204724,FALSE
"435","The Music Never Stopped","QOKP4I5Y2zY",94186,330,6,258223,31852,99,4204000,78859,4204000,105,32,0,100,100000,-0.938576831588963,FALSE
"436","Frozen (2010 American film)","GiUNsDVjCbo",2182767,3188,804,246176,24535324,53,162900000,252030,162900000,102,1,0,100,1010000000,-0.998488790669122,FALSE
"437","The Killer Inside Me (2010 film)","1I4rDHxzeCg",220438,103,15,217277,6168,24,14118000,11476,14118000,109,1,0,1,1100001,-0.984609930585069,FALSE
"438","Prince Avalanche","gJGEu268KvI",688602,1875,120,205139,8101,77,736600,36874,736600,94,14,0,1,10100000,-0.72150556611458,FALSE
"439","Touchback (film)","J0rAWFJ3KFc",1430452,2275,152,204232,584,14,5155000,68760,5155000,118,50,0,10,100000,-0.960381765276431,FALSE
"440","High School (2012 film)","dIim4QmU_c0",2058443,4886,495,139034,5334820,39,10310000,84922,10310000,99,200,0,1,10000000,-0.986514645974782,FALSE
"441","The Greatest (2009 film)","TfjNuq9Yq3s",238599,566,14,114766,5897,10,6516000,34808,6516000,99,8,0,1,100100,-0.982387047268263,FALSE
"442","The Romantics (film)","mVWVD7DnNag",64578,29,3,106524,214269,18,4887000,47142,4887000,95,2,0,10,10100100,-0.978202578268877,FALSE
"443","Freakonomics (film)","GaGzVcWuyR4",137263,239,30,101270,379847,11,3258000,33024,3258000,93,20,0,10,0,-0.968916513198281,FALSE
"444","The Good Guy (film)","EFW_pPc6dO4",205138,0,0,100688,376077,15,3475200,35943,3475200,90,9,0,1,10000100,-0.971026703499079,FALSE
"445","Welcome to the Jungle (2013 film)","YLcYL38fcUE",88659,85,14,87397,9718,34,86360000,18625000,86360000,104,3152,0,10,1110000001,-0.998987992125984,FALSE
"446","Better Living Through Chemistry (film)","T66eklvAqUw",1449452,2517,153,75143,7225,76,5000000,46435,5000000,91,61,0,1000,10100000,-0.9849714,FALSE
"447","No One Lives","Z4HxhzBG0ag",786369,1218,161,74918,8232,15,2946400,48033,2946400,86,53,0,1,10001,-0.974573038284008,FALSE
"448","Deadfall (2012 film)","Q4IASREmPMY",326909,594,32,66351,33025,23,12372000,19902,12372000,95,11,0,0,1100001,-0.994637002909796,FALSE
"449","Cheap Thrills","gPMKb2ubuDQ",584276,978,71,59424,6635,60,200000,18638,200000,88,2,0,1000,11100001,-0.70288,FALSE
"450","Aftershock (2012 film)","VoyGUt5PIQ8",276643,952,225,58510,2576,19,2032000,40376,2032000,89,110,0,1,10001,-0.971205708661417,FALSE
"451","Dirty Girl (2010 film)","Qy3eAiB5UPo",2403250,2775,288,55125,24649,9,4204000,18399,4204000,90,9,0,1,10100000,-0.986887488106565,FALSE
"452","Decoding Annie Parker","yejorH_XH7A",547031,1746,93,48390,4816,43,2000000,16781,2000000,91,13,0,1,100000,-0.975805,FALSE
"453","Margaret (2011 film)","YbVQ2ygudRc",5282,2,0,46495,1630,30,14714000,7752,14714000,150,2,0,1,100000,-0.996840084273481,FALSE
"454","Beyond the Farthest Star (film)","iKayhS8eS5k",2410,27,1,31433,20197,37,508000,19336,508000,119,3,0,10,100001,-0.938124015748032,FALSE
"455","The Son of No One","7U9OslXVjdM",214156,244,15,30680,4177,43,15765000,18560,15765000,90,11,0,1,1100001,-0.998053916904535,FALSE
"456","Trespass (2011 film)","1rolBdc_mjs",2403438,1573,237,24094,1146,59,36785000,17324,36785000,91,10,0,1,1100001,-0.999345004757374,FALSE
"457","California Solo","5nfkvOJQRXk",106476,528,21,15433,2287,53,206200,3502,206200,94,1,0,1000,100000,-0.92515518913676,FALSE
"458","Barefoot (film)","eoWlZmwt8ac",15823,10,0,15071,44956,38,6000000,11766,6000000,90,18,0,10,10100100,-0.997488166666667,FALSE
"459","13 Sins","dLaBxTeRHV4",5004381,6471,697,13809,9003,38,4000000,9134,4000000,93,45,0,1,10010001,-0.99654775,FALSE
"460","A Resurrection (film)","3gnPWosJqyw",16254,8,0,10730,233,36,5080000,7335,5080000,89,17,0,1,10001,-0.997887795275591,FALSE
"461","Lucky (2011 film)","Vg1Zi196YBE",6310,2,0,8564,17722,12,29428000,5864600,29428000,103,2541,0,10,10000100,-0.999708984640478,FALSE
"462","Pawn Shop Chronicles","dfg6V4tyfDY",1305613,2368,213,8088,5404,35,5080000,4939,5080000,112,15,0,1,111000000,-0.998407874015748,FALSE
"463","Price Check","s4po7zgucr4",57217,75,5,7413,1109,42,2062000,2856,2062000,92,1,0,1000,10100000,-0.996404946653734,FALSE
"464","Crazy Eyes (film)","oPDGO0reuhg",60196,58,11,6141,340,73,10310000,3344,10310000,95,2,0,1000,10000000,-0.999404364694471,FALSE
"465","The Good Doctor (2011 film)","OAw2JMWtN7w",42963,56,10,5206,18216,27,6306000,3276,6306000,91,2,0,10,100001,-0.999174437044085,FALSE
"466","Brake (film)","QPofHkR5K9E",531118,354,95,4876,4692,63,515500,4444,515500,92,2,0,1,1,-0.990541222114452,FALSE
"467","Passion Play (film)","vfB4dSUTFgE",20618,47,2,3669,1245,64,8688000,2174,8688000,94,2,0,1,100100,-0.999577693370166,FALSE
"468","ATM (film)","tl3c9kQeuE8",1173703,392,790,3010,12454,30,3093000,2087,3093000,90,2,0,1,10001,-0.999026834788232,FALSE
"469","About Cherry","5FV4oqBqOHI",1308838,606,145,3003,2528,3,2577500,2832,2577500,98,3,0,1,100000,-0.998834917555771,FALSE
"470","Detention of the Dead","frzcWewOwcA",90707,134,32,1777,3738,8,515500,1367,515500,87,2,0,1000,10010000,-0.996552861299709,FALSE
"471","The Lincoln Lawyer","xU4ReVEemN0",2652089,2070,118,58009200,1526770,40,42040000,13606000,42040000,118,2707,0,1,1100001,0.379857278782112,FALSE
"472","Saving Santa","pIyzsTVx1TY",117436,80,12,1e+07,2595,90,7620000,357750,7620000,83,126,0,1000,1010000000,0.312335958005249,FALSE
